Status,Name,Altitude [m],Summit Latitude,Summit Longitude,Season,Type,Grade,Distance [km],Duration [h],Elevation Gain [m],GPX File,Project
,Dent d'oche,2222,46.3529787,6.7313182,Autumn,Hike,T4,14,5.3,1180,Dent_d'Oche,Proxima
,Cornette de Bise,2432,46.332592,6.784591,Summer,Hike,T2,16.8,4.9,1362,Les_Cornettes_de_Bise,Proxima
,Mont Gardy,2201,46.350235,6.79945,Summer,Hike,T5/F,14.7,6,1450,Grande_Jumelle_&_Mont_Gardy,Proxima
,Grande Jumelle,2215,46.35233,6.814068,Summer,Hike,T5/F,14.7,6,1450,Grande_Jumelle_&_Mont_Gardy,Proxima
,Grande Jumelle,2215,46.35233,6.814068,Autumn,Hike,F,10.3,3.3,994,Grande_Jumelle,Proxima
to do,Petite Jumelle,2182,46.353019,6.815163,,,,,,,,Proxima
,Grammont,2172,46.357423,6.821187,Winter,Hike,T2,13.6,4.1,1105,Grammont,Proxima
,Grammont,2172,46.357423,6.821187,Summer,Hike,T2,14.4,5,1150,Grammont_&_Alamont,Proxima
,Alamont,1900,46.35106,6.832964,Summer,Hike,T2,14.4,5,1150,Grammont_&_Alamont,Proxima
,Signal des Voirons,1457,46.2298694,6.3549317,Summer,Hike,T1,1.8,0.5,120,Signal_des_Voirons,Proxima
,Tour d'Aï,2331,46.372104,7.001968,Autumn,Hike,T3,9.8,2.5,607,Tour_d_Ai,Proxima
,Tour d'Aï,2331,46.372104,7.001968,Summer,Hike,T3,11.7,3.3,761,,Proxima
,Tour de Mayen,2326,46.374658,7.008282,Summer,Hike,T3,14.15,3.8,733,Tour_de_Mayen,Proxima
,Tour de Mayen,2326,46.374658,7.008282,Summer,Hike,T2,13.4,4.18,659,Tour_de_Mayen_Famelon,Proxima
,Tour de Famelon,2138,46.383233,7.023833,Summer,Hike,T2,13.4,4.18,659,Tour_de_Mayen_Famelon,Proxima
,Les Truex,2194,46.379607,7.013075,Summer,Hike,T2,13.4,4.18,659,Tour_de_Mayen_Famelon,Proxima
,Rochers de Naye,2042,46.431824,6.976052,Summer,Hike,T2,11.8,3.1,807,Rochers_de_Naye,Proxima
,Rochers de Naye,2042,46.431824,6.976052,Summer,Trail running,T3,10.3,1.7,913,Dent_de_Jaman_Rochers_de_Naye,Proxima
,Dent de Jaman,1875,46.44496,6.974797,Summer,Trail running,T3,10.3,1.7,913,Dent_de_Jaman_Rochers_de_Naye,Proxima
,Dent de Jaman,1875,46.44496,6.974797,Winter,Hike,T3,7.1,3,825,Dent_de_Jaman,Proxima
,Dent de Jaman,1875,46.44496,6.974797,Summer,Hike,T3,11.2,4.5,1243,Dent_de_Hautadon_&_Jaman,Proxima
,Dent de Hautadon,1871,46.44506,6.988643,Summer,Hike,T3,11.2,4.5,1243,Dent_de_Hautadon_&_Jaman,Proxima
,Cape au Moine,1941,46.470358,6.978882,Summer,Hike,T4,17.5,4.8,1129,Cape_au_Moine,Proxima
,Vanil des Artses,1992,46.4823208,6.9873005,Winter,Hike,T5,9.1,4,1024,Vanil_des_Artses,Proxima
,Col de Lys,1779,46.5019215,6.6901312,Winter,Ski,3.3 / E1 AD / S4,9.5,3,741,Col_de_Lys,Proxima
,Lys Derrey,1864,46.503865,6.9917035,Winter,Ski,3.3 / E1 AD / S4,8.3,2.5,767,Col_de_Lys_&_Lys_Derrey,Proxima
,Dent de Lys,2014,46.507679,7.003036,Summer,Hike,T4,14,3.7,1336,Dent_de_Lys,Proxima
to do,Grand Sex,1907,46.511655,7.012665,,,,,,,,Proxima
,Petit Sex,1880,46.51341449,7.013808064,Spring,Hike,T4,11.7,6,1190,Vanil_de_l'Arche_Vanil Blanc_&_Petit Sex,Proxima
,Vanil Blanc,1828,46.517758,7.017984,Spring,Hike,T3,11.7,6,1190,Vanil_de_l'Arche_Vanil Blanc_&_Petit Sex,Proxima
,Vanil de l'Arche,1581,46.52371521,7.029288624,Spring,Hike,T3,11.7,6,1190,Vanil_de_l'Arche_Vanil Blanc_&_Petit Sex,Proxima
,Moléson,2002,46.548948,7.017136,Spring,Hike,T2,8.7,2.2,660,Moléson_Sunset,Proxima
,Teysachaux,1909,46.534025,6.996282,Spring,Hike,T3,6.9,2.3,608,Teysachaux_avec_Blaisou,Proxima
,Teysachaux,1909,46.534025,6.996282,Spring,Hike,T3,14,3.7,973,Teysachaux_sunset_petit_détour_,Proxima
,Teysachaux,1909,46.534025,6.996282,Winter,Ski,3.2 / E1 AD / S3,5.8,1.8,770,Teysachaux_Sunrise,Proxima
to do,Oldenhorn (Becca d'audon),3123,46.329421,7.221732,,,,,,,,Proxima
to do,Sex rouge,2971,46.327149,7.202439,,,,,,,,Proxima
to do,Les Diablerets,3210,46.304414,7.190364,,,,,,,,Proxima
to do,Tête Ronde,3036,46.303799,7.177578,,,,,,,,Proxima
to do,Culan,2789,46.304577,7.15611,,,,,,,,Proxima
to do,Tête à Pierre Grept,2903,46.252754,7.155238,,,,,,,,Proxima
,Grand Muveran,3051,46.237172,7.126162,Summer,Hike,T5,13,4.5,1244,Grand_Muveran,Proxima
to do,Petit Muveran,2810,46.223243,7.122096,,,,,,,,Proxima
to do,Pointe d'Aufalle,2725,46.217104,7.114929,,,,,,,,Proxima
,Dent Favre,2917,46.210777,7.103728,Autumn,Hike,T5/F,19,10,1808,Dent Favre_Tête_Séri_&_Tête_Noire,Proxima
,Tête Séri,2851,46.198616,7.093933,Autumn,Hike,T5/F,19,10,1808,Dent Favre_Tête_Séri_&_Tête_Noire,Proxima
,Tête Noire,2871,46.201569,7.088344,Autumn,Hike,T5/F,19,10,1808,Dent Favre_Tête_Séri_&_Tête_Noire,Proxima
,Grande Dent de Morcles,2969,46.199331,7.075533,Summer,Hike,T4,14.7,5.3,1379,Grande_Dent_de_Morcles,Proxima
,Grande Dent de Morcles,2969,46.199331,7.075533,Winter,Ski,2.2 / E1 PD- / S3,26,2 days,2354,Grande_Dent_de_Morcles_Ski,Proxima
to do,Petite Dent de Morcles,2229,46.201013,7.07125,,,,,,,,Proxima
,Pointe d'Aveneyre,2026,46.417371,7.004779,Autumn,Hike,T2,8.9,2.6,746,Pointe_d_Aveneyre,Proxima
,Pointe d'Aveneyre,2026,46.417371,7.004779,Spring,Hike,T2,56,3 days,3852,De_Villeneuve_à_Château-d'Oex,Proxima
,Planachaux,1925,46.444143,7.054783,,,,,,,,No Project
,Monts Chevreuils,1749,46.434453,7.084135,,,,,,,,No Project
,Pointe de Cray,2070,46.486979,7.100381,,,,,,,,No Project
,Malatraix,1768,46.394284,6.964194,,,T3,,,,,No Project
,Malatraix,1768,46.394284,6.964194,Summer,Hike,T3,8.5,2.7,1101,Malatraix,No Project
,Rocher du Midi,2096,46.4438,7.153312,Spring,Hike,T3,11.1,5,1202,Rocher_du_Midi,No Project
,Rellerligrat,1843,46.511325,7.263639,Spring,Hike,T2,28,9.5,1750,Gastlosen_Saanen,No Project
,Hugeligrat,1898,46.519712,7.265653,Spring,Hike,T2,28,9.5,1750,Gastlosen_Saanen,No Project
,Schneitgrat,1961,,,Spring,Hike,T2,28,9.5,1750,Gastlosen_Saanen,No Project
,Col de la Forcla,1660,46.526894,7.222768,Spring,Hike,T2,28,9.5,1750,Gastlosen_Saanen,No Project
,Pertet à Bovey,1794,46.535182,7.210872,Spring,Hike,T2,28,9.5,1750,Gastlosen_Saanen,No Project
,Wolfs Ort,1915,46.567202,7.263634,Spring,Hike,T4,16.5,2 days,1300,North_Gastlosen,No Project
,Wandflue,2134,46.563427,7.259731,Spring,Hike,T4,16.5,2 days,1300,North_Gastlosen,No Project
,Gratflue,1936,46.588627,7.284783,Spring,Hike,T4,16.5,2 days,1300,North_Gastlosen,No Project
to do,Grand Chavalard,2899,46.178689,7.113116,,,,,,,,No Project
,Dent du Bourgo,1908,46.575584,7.139689,Autumn,Hike,T3,11.7,3.5,799,Dent_de_Bourgo,No Project
,Dent du Chamois,1839,46.584456,7.130116,Summer,Hike,T4,12.2,3.5,1046,Dent_du_Chamois_Dent_de_Broc,No Project
,Dent de Broc,1829,46.588574,7.12778,Summer,Hike,T4,12.2,3.5,1046,Dent_du_Chamois_Dent_de_Broc,No Project
,Crête de Chaux Commun,2110,46.228891,7.072837,Winter,Ski,2.3 / E1 PD+ / S3,11.6,5.5,1162,Crête_de_Chaux_Commun,No Project
,Lac de Salanfe / Col du Jorat,2212,46.150301,6.985478,Summer,Trail running,T2,15.5,2.2,941,Lac_de_Salanfe_col_du_Jorat,No Project
to do,Haute Cime (Dents du Midi),3258,46.161059,6.922985,,,,,,,,No Project
,Tour Sallière,3220,46.126953,6.924723,Summer,Hike,T6/PD,22.6,8,1580,Tour_Sallière,No Project
,Pic de Tenneverge,2 989,46.0941472,6.8793647,Summer,Hike,T5/PD-,20.1,5.6,1513,Pic_de_Tenneverge_,No Project
,Bel oiseau,2 631,46.0788684,6.9369428,Summer,Hike,T2,9.7,4,742,Bel_Oiseau,No Project
,Aiguille du Van,2578,46.059465,6.918862,Summer,Mountaineering,AD,8.8,4,800,Perrons_de_Vallorcine,No Project
,Grand Perron,2673,46.0581517,6.9158193,Summer,Mountaineering,AD,8.8,4,800,Perrons_de_Vallorcine,No Project
,Pain de Sucre,2646,46.05471,6.913156,Summer,Mountaineering,AD,8.8,4,800,Perrons_de_Vallorcine,No Project
,Pointe de Vouilloz,2672,46.0555064,6.9141059,Summer,Mountaineering,AD,8.8,4,800,Perrons_de_Vallorcine,No Project
,Pointe de l'Ifala,2651,46.0541001,6.9110259,Summer,Mountaineering,AD,8.8,4,800,Perrons_de_Vallorcine,No Project
to do,Üssers Barrhorn,3610,46.155913,7.73409,,,,,,,,No Project
to do,Geltenhorn,3065,46.34633,7.334613,,,,,,,,No Project
to do,Arpelistock,3036,46.34388,7.315242,,,,,,,,No Project
to do,Wildhorn,3248,46.35594,7.362221,,,,,,,,No Project
to do,Le Pleureur,3703,46.016289,7.369109,,,,,,,,No Project
,La Haute Corde,2325,46.27708,7.144991,Autumn,Hike,T5,20.1,6.5,1900,Petit_tour_entre_Muverans_et_l_Argentine,No Project
,Sex des branlettes,2620,46.262477,7.155318,Autumn,Hike,T5,20.1,6.5,1900,Petit_tour_entre_Muverans_et_l_Argentine,No Project
,Gros Sex,2418,46.257798,7.145759,Autumn,Hike,T5,20.1,6.5,1900,Petit_tour_entre_Muverans_et_l_Argentine,No Project
,Dent de Valerette,2058,46.207373,6.952334,Winter,Ski,3.1 / E1 AD- / S3,8,2.5,958,Valerette,No Project
,La tête à Josué,2131,46.404576,7.169188,Winter,Ski,2.2 / E1 PD / S3,11.1,3.3,1028,La_Tête_à_Josué_,No Project
,Pic de Chaussy,2351,46.377058,7.112749,Winter,Ski,2.2 / PD,8.6,2.5,774,Pic_Chaussy,No Project
,Le folly,1730,46.47997,6.95161,Winter,Ski,1.3 / E1 F / S2,7.7,2.5,768,Folly,No Project
,Pointe de Chemo,2626,46.223548,7.146005,Winter,Ski,3.1 / E2 PD+ / S3,11,2.9,1144,Pointe_de_chemo,No Project
,Les Louèrettes,3068,46.115301,7.355588,Winter,Ski,2.3 / E1 PD+ / S3,9.6,6.3,1531,Les_Louerettes,No Project
,Six Blanc (Orsière),2445,46.037486,7.185187,Winter,Ski,2.3 / E1 PD+ / S3,11.5,3,981,Six_Blanc(Orsière),No Project
,La dotse,2492,45.899331,7.102017,Winter,Ski,2.3 / E1 PD / S3,16,4,1396,Dotse_et_Tête_de_Ferret,No Project
,Tête de Ferret,2714,45.895189,7.07655,Winter,Ski,2.3 / E1 PD+ / S3,16,4,1396,Dotse_et_Tête_de_Ferret,No Project
,Aiguille des Angroniettes,2943,45.871294,7.09374,Winter,Ski,3.1 / E1 AD- / S3,19.8,5,1260,Angroniettes_&_Combette,No Project
,Pointe de Combette,2761,45.875878,7.095419,Winter,Ski,3.1 / E1 AD- / S3,19.8,5,1260,Angroniettes_&_Combette,No Project
,Six Blanc (Val Ferret),2795,45.880167,7.107371,Winter,Ski,3.2 / E1 AD / S4,15.3,6,1140,Six_Blanc(Val_Ferret),No Project
to do,Mont Telliers,2951,45.898323,7.145303,,,,,,,,No Project
to do,Dents du Grand Lé,2884,45.901005,7.157971,,,,,,,,No Project
to do,Mont Vélan,3727,45.891937,7.25147,,,,,,,,No Project
to do,Pointe de Penne,2782,45.945136,7.238284,,,,,,,,No Project
to do,Le Beaufort,3048,45.945835,7.248436,,,,,,,,No Project
to do,Bonhomme du Tsapi,2803,45.963328,7.233757,,,,,,,,No Project
,Pointe de la Tsevalire,3026,46.162397,7.508624,Winter,Ski,2.1 / E1 PD / S3,19.45,4.3,1691,La_Tsevalire,No Project
,La Luette,3548,46.01041,7.387562,Winter,Ski,2.2 / E2 PD / S3,17.8,10.8,1311,La_Luette,No Project
,Pointe de Vouasson,3490,46.071502,7.42543,Winter,Ski,2.2 / E1 PD+ / S2,14.3,5,1650,Pointe_de_Vouasson,No Project
to do,Palanche de la Cretta,2926,46.094244,7.464523,,,,,,,,No Project
to do,Mont Blanc de Cheilon,3870,45.993573,7.417228,,,,,,,,No Project
to do,Combin de Boveire,3663,45.964904,7.270739,,,,,,,,No Project
to do,Petit Combin,3663,45.983848,7.267721,,,,,,,,No Project
to do,Grand combin,4314,45.937578,7.299224,,,,,,,,4000
to do,Castor,4228,45.920858,7.793271,,,,,,,,4000
to do,Pollux,4092,45.927814,7.78531,,,,,,,,4000
to do,Dufourspitze,4634,45.936917,7.866747,,,,,,,,4000
to do,Matterhorn,4478,45.976428,7.6586,,,,,,,,4000
to do,Bishorn,4149,46.1179218,7.7149611,,,,,,,,4000
to do,Ober Gabelhorn,4073,46.038603,7.668038,,,,,,,,4000
to do,Lenzspitze,4294,46.104553,7.868654,,,,,,,,4000
to do,Mont Blanc,4809,45.8327056,6.8651706,,,,,,,,4000
to do,Mont Blanc du Tacul,4248,45.8565863,6.8885201,,,,,,,,4000
to do,Mont Maudit,4465,45.8474391,6.8759863,,,,,,,,4000
,Pointe de la Sambuy,2198,45.6916202,6.2654422,Summer,Hike,T3,11.6,3.7,1267,Grande_Sambuy,Bauges
,Pointe Chaurionde,2173,45.6838204,6.2582775,Summer,Hike,T5,2,0.9,335,Pointe_de_Chaurionde,Bauges
,Pointe d'Arcalod,2217,45.681712,6.228154,Summer,Hike,T3,11.2,3,501,Arcalod,Bauges
,Tré le Mollard,2035,45.6683251,6.2234354,Summer,Rando/trail,T3,15.9,3,1342,Tré_le_Mollard_Mont_de_la_Coche,Bauges
,Mont de la Coche,2070,45.6669803,6.2254742,Summer,Rando/trail,T5,15.9,3,1342,Tré_le_Mollard_Mont_de_la_Coche,Bauges
,Mont Pecloz,2197,45.6317663,6.229747,Summer,Rando/trail,T5,22.3,2 days,2400,Pécloz_Arménaz_Arces_Arlicots_Grand_Parra_et_Arclusaz,Bauges
,Mont d'Armenaz,2158,45.6279804,6.237497,Summer,Rando/trail,T5,22.3,2 days,2400,Pécloz_Arménaz_Arces_Arlicots_Grand_Parra_et_Arclusaz,Bauges
,Pointe des Arces,2076,45.6148716,6.2252196,Summer,Rando/trail,T5,22.3,2 days,2400,Pécloz_Arménaz_Arces_Arlicots_Grand_Parra_et_Arclusaz,Bauges
,Pointe des Arlicots,2060,45.607263,6.2065158,Summer,Rando/trail,T5,22.3,2 days,2400,Pécloz_Arménaz_Arces_Arlicots_Grand_Parra_et_Arclusaz,Bauges
,Grand Parra,2063,45.6035387,6.1992417,Summer,Rando/trail,T5,22.3,2 days,2400,Pécloz_Arménaz_Arces_Arlicots_Grand_Parra_et_Arclusaz,Bauges
,Dent d'Arclusaz,2041,45.6006674,6.1736822,Summer,Rando/trail,T3,22.3,2 days,2400,Pécloz_Arménaz_Arces_Arlicots_Grand_Parra_et_Arclusaz,Bauges
,Mont Trelod,2181,45.6927213,6.196179,Summer,Hike,T4,19.9,5.3,1477,Trélod,Bauges
,Dent de Cons,2063,45.7296285,6.3512686,Summer,Hike,T2,6.7,1.8,813,Dent_de_Cons,Bauges
,Mont Colombier,2043,45.6444835,6.1194771,Winter,Hike,T2,10.4,2.8,1119,Mont_Colombier,Bauges
,Mont Veyrier,1291,45.9006184,6.1826234,Summer,Hike,T2,8.7,2.8,758,Mont_Veyrier,Annecy
,Mont Veyrier,1291,45.9006184,6.1826234,Summer,Trail Running,T2,20.6,4.9,1839,Veyrier_Baret_Baron,Annecy
,Mont Baret,1243,45.887249,6.196549,Summer,Trail Running,T2,20.6,4.9,1839,Veyrier_Baret_Baron,Annecy
,Mont Baron,1291,45.896916,6.1859291,Summer,Trail Running,T2,20.6,4.9,1839,Veyrier_Baret_Baron,Annecy
to do,Dents de lanfon,1828,45.8612796,6.2418396,,,,,,,,Annecy
,Col des Frêtes,1584,45.8526842,6.2511638,Summer,Hike,T4,7.2,3.5,968,Col_des_Frêtes,Annecy
,Pointe de Talamarche,1852,45.8598069,6.2573406,Summer,Hike,T3,11.3,4.5,650,Pointe_de_Talamarche,Annecy
,Lanfonnet,1768,45.847008,6.2553582,Summer,Hike,T4,15.6,4.6,882,Forclaz_Lanfonnet,Annecy
,Tournette,2351,45.827088,6.286145,Autumn,Trail running,T2,27.7,1 day,1630,Tournette (Grande boucle),Annecy
,Charbon,1932,45.7479984,6.2048296,Summer,Hike,T2,15.2,3.4,1194,Au_Charbon_,Annecy
,Pointe de Banc plat,1907,45.7300617,6.1950482,Summer,Hike,T2,20.1,5.2,1430,Pointe_de_Banc_Plat,Annecy
,Roc des Boeufs,1775,45.755054,6.1662197,Winter,Hike,T1,11.2,3.5,884,Roc_des_Boeufs,Annecy
,Crêt du Bourg,765,45.814899,6.199995,Summer,Trail Running,T2,9.1,1.2,477,Tailefer,Annecy
,Montagne d'Entrevernes,1338,45.7996561,6.1798294,Summer,Trail Running,T1,13.4,3,900,Montagne_d'Entrevernes,Annecy
,Semnoz,1699,45.7976609,6.1071615,Summer,Bike,T4,77,3.5,1466,Semnoz,Annecy
,Mont Charvin,2409,45.8024321,6.420147,Summer,Hike,T4,10.5,3.2,1100,Mont_Charvin,Aravis
to do,La Goenne,2174,45.810819,6.425607,,,,,,,,Aravis
to do,Tête de l'Aulp,2129,45.8205315,6.4307379,,,,,,,,Aravis
to do,Pointe de la Mandallaz,2277,45.831442,6.44405,,,,,,,,Aravis
to do,L'Etale,2483,45.8497117,6.4473421,,,,,,,,Aravis
to do,Pointe de Blonnière,2369,45.8582431,6.4530857,,,,,,,,Aravis
to do,La Grande Torchère,2521,45.8940052,6.4936217,,,,,,,,Aravis
to do,La Roualle,2589,45.9007963,6.5025862,,,,,,,,Aravis
to do,Tête Pelouse,2537,45.9092579,6.5094535,,,,,,,,Aravis
,Trou de la Mouche,2453,45.9158613,6.5125929,Winter,Ski,2.2 / E1 PD / S3,9.8,5.2,1054,Trou_de_la_Mouche,Aravis
to do,Tête de Paccaly,2466,45.919117,6.5197888,,,,,,,,Aravis
,L'Ambrevetta,2463,45.92459,6.530977,Winter,Ski,2.3 / E1 PD / S3,11.5,5,1139,L'Abrevetta,Aravis
to do,Tardevant,2501,45.9265806,6.5261161,,,,,,,,Aravis
to do,La Mamule,2404,45.936464,6.528007,,,,,,,,Aravis
to do,Mont Charvet,2538,45.9424665,6.5387015,,,,,,,,Aravis
,Pointe Percée,2750,45.9557596,6.5559471,Summer,Hike,T5,13.7,5.5,1530,Pointe_Percée,Aravis
,Refuge de Gramusset,2164,45.955322,6.544481,Winter,Ski,2.3 / E1 PD+ / S4,15.8,1.5 days,1890,Gramusset,No Project
,Col des Verts,2499,45.9516369,6.5549256,Winter,Ski,2.3 / E1 PD+ / S4,15.8,1.5 days,1890,Gramusset,No Project
,Pointe de la Carmélite,2477,45.9615911,6.5590119,Winter,Ski,3.2 / E3 AD- / S4,15.8,1.5 days,1890,Gramusset,No Project
to do,Lac glaciaire du Grand Méan,2855,45.3632865,7.1328047,,,,,,,,No Project
,Le Môle,1853,46.1065823,6.4548201,Summer,Hike,T2,7.9,2.5,660,Le_Môle,No Project
,Pointe d'Andey,1845,46.0428713,6.4180282,Winter,Ski,F,7.9,2,834,Andey,No Project
,Le Toboggan (Valmorel),1922,45.449589,6.424995,Winter,Ski,2.3 / E2 PD+ / S3,5.7,2,634,Valmorel,No Project
,Mont Thabor,3178,45.114076,6.5637534,Winter,Ski,2.2 / E1 PD / S3,50.3,4 days,3030,Massif_des_Cerces,No Project
,Aiguillette des Posettes,2201,46.0181246,6.9402515,Winter,Ski,2.2 / E1 F / S1,14.2,4,1130,Posettes_&_Balme,No Project
,Tête de Balme,2321,46.0307486,6.9625084,Winter,Ski,PD / S3,14.2,4,1130,Posettes_&_Balme,No Project
,Monte Rite,2183,46.3845351,12.2578732,Winter,Ski,PD / S3,13,2.5,600,Monte_Rite,No Project
,Ponta Lastoi de Formin,2657,46.4742592,12.0792608,Autumn,Ski,T2,13.5,4,1070,Ponta_Lastoi_de_Formin,No Project
to do,Ponta Lastoi de Formin,2657,46.4742592,12.0792608,,,,,,,,No Project
to do,Ponta Lastoi de Formin,2657,46.4742592,12.0792608,,,,,,,,No Project
to do,Ponta Lastoi de Formin,2657,46.4742592,12.0792608,,,,,,,,No Project
to do,Ponta Lastoi de Formin,2657,46.4742592,12.0792608,,,,,,,,No Project
to do,Ponta Lastoi de Formin,2657,46.4742592,12.0792608,,,,,,,,No Project
to do,Ponta Lastoi de Formin,2657,46.4742592,12.0792608,,,,,,,,No Project
,Creux du Van,1462,46.9320198,6.7230127,,Trail running,T2,8.5,1.5,510,Creux_du_Van,No Project
to do,Le Chasseron,1607,46.851796,6.5382542,,,,,,,,No Project
to do,Petites Roches,1583,46.8429313,6.5279479,,,,,,,,No Project
to do,Le Cochet,1483,46.8340292,6.5170065,,,,,,,,No Project
,Aiguilles de Baulmes,1560,46.7911749,6.4723876,Summer,Mountaineering,T2,2,2,210,Aiguilles_de_Baulmes,No Project
,Dent de Vaulion,1483,46.6840409,6.351073,Summer,Hike,T2,29.6,9,1300,Dent_de_Vaulion_&_Mont_Tendre,No Project
,Mont Tendre,1679,46.5947242,6.3100337,,,,,,,,No Project
to do,Haut du Mollendruz,1440,46.6420489,6.3465116,,,,,,,,No Project
,Châtel,1432,46.6243501,6.3554084,Summer,Hike,T5,12,3,801,Châtel,No Project
,La Dôle,1677,46.4256492,6.0995546,Summer,Hike,T2,13,4,620,La_Dôle,No Project
,Petit Montrond,1549,46.3572821,6.0173465,Summer,Hike,T2,7.3,2.5,310,Petit_&_Grand_Montrond,No Project
,Grand Montrond,1600,46.3479913,6.0063507,,,,,,,,No Project
,Pierre de la Lune,1490,46.2221003,5.9030668,Winter,Hike,T2,23,2 days,1280,Gralet_&_La_Poutouille,No Project
,Gralet,1461,46.21468,5.898139,,,,,,,,No Project
,La Poutouille,1446,46.18815,5.870321,,,,,,,,No Project
to do,La Poutouille,1446,46.18815,5.870321,,,,,,,,No Project
to do,La Poutouille,1446,46.18815,5.870321,,,,,,,,No Project
to do,La Poutouille,1446,46.18815,5.870321,,,,,,,,No Project
to do,La Poutouille,1446,46.18815,5.870321,,,,,,,,No Project
to do,La Poutouille,1446,46.18815,5.870321,,,,,,,,No Project
to do,La Poutouille,1446,46.18815,5.870321,,,,,,,,No Project
,Canigou,2784,42.5189047,2.4565596,Été,Hike,T5,32,8,2200,El_Canigò,No Project
to do,Canigou,2784,42.5189047,2.4565596,,,,,,,,No Project
to do,Canigou,2784,42.5189047,2.4565596,,,,,,,,No Project
to do,Canigou,2784,42.5189047,2.4565596,,,,,,,,No Project
to do,Canigou,2784,42.5189047,2.4565596,,,,,,,,No Project
to do,Canigou,2784,42.5189047,2.4565596,,,,,,,,No Project
to do,Canigou,2784,42.5189047,2.4565596,,,,,,,,No Project
to do,Canigou,2784,42.5189047,2.4565596,,,,,,,,No Project
to do,Canigou,2784,42.5189047,2.4565596,,,,,,,,No Project
to do,Canigou,2784,42.5189047,2.4565596,,,,,,,,No Project
to do,Canigou,2784,42.5189047,2.4565596,,,,,,,,No Project
to do,Canigou,2784,42.5189047,2.4565596,,,,,,,,No Project
to do,Canigou,2784,42.5189047,2.4565596,,,,,,,,No Project
to do,Canigou,2784,42.5189047,2.4565596,,,,,,,,No Project
to do,Canigou,2784,42.5189047,2.4565596,,,,,,,,No Project
to do,Canigou,2784,42.5189047,2.4565596,,,,,,,,No Project
to do,Canigou,2784,42.5189047,2.4565596,,,,,,,,No Project
to do,Canigou,2784,42.5189047,2.4565596,,,,,,,,No Project
to do,Canigou,2784,42.5189047,2.4565596,,,,,,,,No Project
to do,Canigou,2784,42.5189047,2.4565596,,,,,,,,No Project
to do,Canigou,2784,42.5189047,2.4565596,,,,,,,,No Project
to do,Canigou,2784,42.5189047,2.4565596,,,,,,,,No Project
to do,Canigou,2784,42.5189047,2.4565596,,,,,,,,No Project
to do,Canigou,2784,42.5189047,2.4565596,,,,,,,,No Project
to do,Canigou,2784,42.5189047,2.4565596,,,,,,,,No Project
,Canigou,2784,42.5189047,2.4565596,,,,,,,,No Project
